"hitter_name","batter"
"Narváez, Omar",553882
"Peraza, José",606299
"Cervelli, Francisco",465041
"Bellinger, Cody",641355
"Engel, Adam",641553
"Hamilton, Billy",571740
"Moncada, Yoán",660162
"Hernández, Enrique",571771
"Polanco, Gregory",570256
"Trout, Mike",545361
"Franco, Maikel",596748
"Williams, Nick",608384
"Muncy, Max",571970
"García, Avisaíl",541645
"Ohtani, Shohei",660271
"Cabrera, Asdrúbal",452678
"Abreu, José",547989
"Barnhart, Tucker",571466
"Luplow, Jordan",656669
"Robertson, Daniel",621002
"Calhoun, Kole",594777
"Suárez, Eugenio",553993
"Anderson, Tim",641313
"Marte, Jefry",527043
"Kiermaier, Kevin",595281
"Taylor, Chris",621035
"Mercer, Jordy",474568
"Rojas, Miguel",500743
"Hernández, César",514917
"Slater, Austin",596103
"Buehler, Walker",621111
"Votto, Joey",458015
"Kingery, Scott",664068
"Osuna, José",591741
"Sánchez, Yolmer",570560
"Adames, Willy",642715
"Fletcher, David",664058
"Longoria, Evan",446334
"Barnes, Austin",605131
"Realmuto, J.T.",592663
"Pujols, Albert",405395
"Anderson, Brian",605119
"Gómez, Carlos",460576
"Harrison, Josh",543281
"Castro, Starlin",516770
"Davidson, Matt",571602
"Freese, David",501896
"Hoskins, Rhys",656555
"Gennett, Scooter",571697
"Kemp, Matt",461314
"Dietrich, Derek",518618
"Garcia, Leury",544725
"Cowart, Kaleb",592230
"Machado, Manny",592518
"Marte, Starling",516782
"Duffy, Matt",622110
"McCutchen, Andrew",457705
"Taillon, Jameson",592791
"Descalso, Daniel",518614
"Turner, Trea",607208
"Smith, Mallex",605480
"Wieters, Matt",446308
"Souza Jr., Steven",519306
"Riddle, JT",595375
"Dixon, Brandon",641525
"Taylor, Michael A.",572191
"Pollock, AJ",572041
"Blackmon, Charlie",453568
"Kepler, Max",596146
"Andrus, Elvis",462101
"Zobrist, Ben",450314
"Soto, Juan",665742
"Gray, Jon",592351
"Higashioka, Kyle",543309
"Odor, Rougned",596059
"Shaw, Travis",543768
"Cron, C.J.",543068
"Murphy, Tom",608596
"Jay, Jon",445055
"Zimmerman, Ryan",475582
"Strange-Gordon, Dee",543829
"Margot, Manuel",622534
"Marte, Ketel",606466
"Walker, Neil",435522
"Prado, Martín",445988
"Polanco, Jorge",593871
"McMahon, Ryan",641857
"Godley, Zack",643327
"Reddick, Josh",502210
"Moustakas, Mike",519058
"Rendon, Anthony",543685
"Profar, Jurickson",595777
"Tucker, Kyle",663656
"Russell, Addison",608365
"Rosario, Eddie",592696
"Duda, Lucas",446263
"Harper, Bryce",547180
"Alonso, Yonder",475174
"d'Arnaud, Chase",488818
"Ahmed, Nick",605113
"O'Hearn, Ryan",656811
"Kemp, Tony",643393
"Tocci, Carlos",624636
"Parra, Gerardo",467827
"Ellis, A.J.",454560
"Rickard, Joey",572073
"Cain, Lorenzo",456715
"Crawford, Brandon",543063
"Beltré, Adrián",134181
"Santana, Carlos",467793
"Posey, Buster",457763
"Munoz, Yairo",622168
"Markakis, Nick",455976
"DeShields, Delino",592261
"Gonzalez, Marwin",503556
"Quinn, Roman",596451
"Freeman, Freddie",518692
"Ozuna, Marcell",542303
"Hernández, Gorkys",491676
"Duggar, Steven",621453
"Hosmer, Eric",543333
"Chirinos, Robinson",455139
"Escobar, Eduardo",500871
"Acuña Jr., Ronald",660670
"Carpenter, Matt",572761
"Swanson, Dansby",621020
"Bregman, Alex",608324
"Springer, George",543807
"Ray, Robbie",592662
"Galvis, Freddy",520471
"Bader, Harrison",664056
"Gyorko, Jedd",576397
"Flowers, Tyler",452095
"Pirela, José",517369
"Villanueva, Christian",570799
"Davis, J.D.",605204
"Choo, Shin-Soo",425783
"DeJong, Paul",657557
"Pérez, Martín",527048
"Piscotty, Stephen",572039
"Holland, Derek",502706
"Gallo, Joey",608336
"Olson, Matt",621566
"Teheran, Julio",527054
"Forsythe, Logan",523253
"Chapman, Matt",656305
"Barreto, Franklin",620439
"Puig, Yasiel",624577
"Stassi, Max",545358
"Lucroy, Jonathan",518960
"Tomlinson, Kelby",605509
"White, Tyler",643603
"Núñez, Eduardo",456488
"Renfroe, Hunter",592669
"Grandal, Yasmani",518735
"Gattis, Evan",594828
"Davis, Khris",501981
"Myers, Wil",571976
"Owings, Chris",572008
"Albies, Ozzie",645277
"Molina, Yadier",425877
"Herrera, Odúbel",546318
"Bogaerts, Xander",593428
"Maile, Luke",571912
"Cabrera, Melky",466320
"Murphy, John Ryan",571974
"Goldschmidt, Paul",502671
"Mauer, Joe",408045
"Maybin, Cameron",457727
"Lowrie, Jed",476704
"Pearce, Steve",456665
"Gurriel Jr., Lourdes",666971
"Grichuk, Randal",545341
"Pederson, Joc",592626
"Solarte, Yangervis",500208
"Drury, Brandon",592273
"Morales, Kendrys",434778
"Hernández, Teoscar",606192
"Kinsler, Ian",435079
"Herrera, Rosell",594011
"Smoak, Justin",475253
"Escobar, Alcides",444876
"Braun, Ryan",460075
"Dozier, Hunter",641531
"Peralta, David",444482
"Smith Jr., Dwight",596105
"Buchholz, Clay",453329
"Gurriel, Yuli",493329
"Merrifield, Whit",593160
"Arcia, Orlando",606115
"Mondesi, Adalberto",609275
"Piña, Manny",444489
"Butera, Drew",460077
"Pérez, Hernán",541650
"Phillips, Brett",621433
"Maldonado, Martín",455117
"Simmons, Andrelton",592743
"Betts, Mookie",605141
"Yelich, Christian",592885
"Gordon, Alex",460086
"Segura, Jean",516416
"León, Sandy",506702
"Encarnación, Edwin",429665
"Nimmo, Brandon",607043
"Upton, Justin",457708
"Contreras, Willson",575929
"Díaz, Aledmys",649557
"Holt, Brock",571788
"Bird, Greg",595885
"Rosario, Amed",642708
"Zunino, Mike",572287
"Báez, Javier",595879
"Bote, David",623520
"Swihart, Blake",596119
"Reynolds, Mark",448602
"Sierra, Magneuris",642423
"Torres, Gleyber",650402
"Hechavarria, Adeiny",588751
"Ramírez, José",608070
"Murphy, Daniel",502517
"Evans, Phillip",595943
"Schwarber, Kyle",656941
"Healy, Ryon",592387
"Goodrum, Niko",592348
"Rivera, Yadiel",592680
"Story, Trevor",596115
"Arenado, Nolan",571448
"Bonifacio, Jorge",593528
"Pérez, Roberto",547379
"Desmond, Ian",435622
"Hedges, Austin",595978
"Perez, Salvador",521692
"Inciarte, Ender",542255
"Joseph, Caleb",543376
"Kipnis, Jason",543401
"Valaika, Pat",642162
"Trumbo, Mark",444432
"Schoop, Jonathan",570731
"Brantley, Michael",488726
"Ross, Tyson",475115
"Holaday, Bryan",592407
"Pham, Tommy",502054
"Camargo, Johan",622666
"Andújar, Miguel",609280
"Davis, Chris",448801
"Martin, Russell",431145
"Williams, Mason",592863
"Goodwin, Brian",571718
"Martínez, José",500874
"Gardner, Brett",458731
"Devers, Rafael",646240
"Hicks, Aaron",543305
"Corbin, Patrick",571578
"Jones, Adam",430945
"Culberson, Charlie",518586
"Calhoun, Willie",641432
"Bradley Jr., Jackie",598265
"Mathis, Jeff",425772
"Wade, Tyler",642180
"Moreland, Mitch",519048
"Knapp, Andrew",595284
"Kiner-Falefa, Isiah",643396
"Lindor, Francisco",596019
"Peterson, Jace",607054
"Guzmán, Ronald",608597
"Pinder, Chad",640461
"Aguilar, Jesús",542583
"Canha, Mark",592192
"Morrison, Logan",489149
"Thames, Eric",519346
"Garver, Mitch",641598
"Fowler, Dexter",451594
"Dozier, Brian",572821
"Semien, Marcus",543760
"Manaea, Sean",640455
"Rodríguez, Sean",446481
"Cave, Jake",595909
"Weaver, Luke",596133
"Grossman, Robbie",543257
"Broxton, Keon",542979
"Briceño, José",593993
"Iannetta, Chris",455104
"Heredia, Guillermo",628338
"Nova, Iván",467100
"Cruz, Nelson",443558
"Haniger, Mitch",571745
"Bell, Josh",605137
"Freeland, Kyle",607536
"Gamel, Ben",592325
"Díaz, Elias",553869
"Gomes, Yan",543228
"Garcia, Greg",594824
"Kershaw, Clayton",477132
"Benintendi, Andrew",643217
"Verdugo, Alex",657077
"Moran, Colin",592567
"Guyer, Brandon",446386
"Jackson, Austin",457706
"Beckham, Tim",542921
"Valencia, Danny",502143
"Straily, Dan",573185
"Rodríguez, Dereck",605446
"Adrianza, Ehire",501303
"Pence, Hunter",452254
"Duvall, Adam",594807
"Mancini, Trey",641820
"Wilson, Bobby",435064
"Lorenzen, Michael",547179
"Suzuki, Kurt",435559
"Avila, Alex",488671
"Bour, Justin",571506
"Choi, Ji-Man",596847
"Difo, Wilmer",594694
"Iglesias, José",578428
"Jones, JaCoby",592444
"Almora Jr., Albert",546991
"Hicks, John",543308
"Castellanos, Nick",592206
"La Stella, Tommy",600303
"Phegley, Josh",572033
"Bautista, José",430832
"Reyes, Victor",622682
"Span, Denard",452655
"Flores, Wilmer",527038
"Martinez, Victor",400121
"Conforto, Michael",624424
"Happ, Ian",664023
"Oswalt, Corey",621261
"Miller, Brad",543543
"Plawecki, Kevin",608700
"McNeil, Jeff",643446
"Saladino, Tyler",573135
"Valentín, Jesmuel",621044
"Candelario, Jeimer",600869
"Wheeler, Zack",554430
"Altuve, Jose",514888
"Cole, Gerrit",543037
"Mesoraco, Devin",519023
"Bailey, Homer",456701
"Casali, Curt",592200
"Motter, Taylor",600301
"Ervin, Phillip",640447
"Kratz, Erik",456124
"Travis, Devon",581527
"Bryant, Kris",592178
"Chacín, Jhoulys",468504
"Heyward, Jason",518792
"Orlando, Paulo",449181
"Reyes, José",408314
"Ureña, José",570632
"Rua, Ryan",607387
"Judge, Aaron",592450
"Rizzo, Anthony",519203
"Gregorius, Didi",544369
"Rodríguez, Ronny",500135
"Núñez, Renato",600524
"Federowicz, Tim",543148
"Williams, Taylor",592865
"Mikolas, Miles",571945
"Smith, Kevan",607345
"Hundley, Nick",460026
"Turner, Justin",457759
"Belt, Brandon",474832
"Altherr, Aaron",571437
"Díaz, Yandy",650490
"Valbuena, Luis",472528
"Orf, Nate",644337
"Martinez, J.D.",502110
"Flaherty, Ryan",475247
"Plouffe, Trevor",461858
"Asuaje, Carlos",641319
"Jankowski, Travis",608671
"Seager, Kyle",572122
"Spangenberg, Cory",605486
"Reyes, Franmil",614177
"Stanton, Giancarlo",519317
"Gant, John",607231
"Peña, Francisco",506747
"Williams, Justin",642211
"Winker, Jesse",608385
"Blash, Jabari",518466
"Martin, Leonys",547982
"Cuevas, Noel",571595
"McCann, James",543510
"Delmonico, Nicky",547170
"Lin, Tzu-Wei",624407
"Palka, Daniel",594953
"Márquez, Germán",608566
"Wolters, Tony",547172
"Wong, Kolten",543939
"González, Carlos",471865
"Davis, Rajai",434658
"Arrieta, Jake",453562
"Hill, Rich",448179
"Alfaro, Jorge",595751
"Flaherty, Jack",656427
"Blandino, Alex",607468
"Jones, Ryder",624507
"Caratini, Victor",605170
"LeMahieu, DJ",518934
"Freitas, David",571679
"Leake, Mike",502190
"Moroff, Max",621559
"Lopez, Raffy",607257
"Bauers, Jake",641343
"Wood, Alex",622072
"González, Erik",570481
"Stallings, Jacob",607732
"Hanson, Alen",593700
"Mejía, Francisco",642336
"Toles, Andrew",592808
"Pillar, Kevin",607680
"LaMarre, Ryan",534606
"Samardzija, Jeff",502188
"Utley, Chase",400284
"Sucre, Jesús",491696
"Mahtook, Mikie",543484
"Travis, Sam",607752
"Mazara, Nomar",608577
"Granderson, Curtis",434158
"Kelly, Ty",571841
"Dickerson, Corey",572816
"Astudillo, Willians",553902
"Scherzer, Max",453286
"Cueto, Johnny",456501
"Meadows, Austin",640457
"Maeda, Kenta",628317
"Allen, Greg",656185
"Naquin, Tyler",571980
"Romine, Austin",519222
"Fowler, Dustin",641583
"Anderson, Tyler",542881
"Ramos, Wilson",467092
"Quintana, José",500779
"Marisnick, Jake",545350
"Lamb, Jake",571875
"Lauer, Eric",641778
"Herrmann, Chris",543302
"Adams, Matt",571431
"Frazier, Jackson",640449
"Villar, Jonathan",542340
"Guerra, Junior",448855
"Kieboom, Spencer",571851
"Santana, Danny",542454
"Snell, Blake",605483
"Field, Johnny",608654
"Makita, Kazuhisa",628318
"Andreoli, John",607430
"Severino, Pedro",600474
"Frazier, Todd",453943
"Matz, Steven",571927
"Schebler, Scott",594988
"Vázquez, Christian",543877
"Sánchez, Aníbal",434671
"Cooper, Garrett",643265
"Mahle, Tyler",641816
"Tapia, Raimel",606132
"Cozens, Dylan",622226
"Miller, Shelby",571946
"Panik, Joe",605412
"Eaton, Adam",594809
"Liriano, Francisco",434538
"Hicks, Jordan",663855
"Romo, Sergio",489265
"Sandoval, Pablo",467055
"Kingham, Nick",592468
"O'Neill, Tyler",641933
"Eovaldi, Nathan",543135
"Bumgarner, Madison",518516
"Martinez, Carlos",593372
"Dyson, Jarrod",502481
"Brinson, Lewis",621446
"Lynn, Lance",458681
"Walker, Christian",572233
"Tilson, Charlie",605508
"Johnson, Pierce",572955
"Wilkerson, Stevie",592859
"Williams, Trevor",592866
"Chatwood, Tyler",543022
"Young, Chris",455759
"Musgrove, Joe",605397
"Berríos, José",621244
"Fedde, Erick",607200
"Farrell, Luke",608652
"McCann, Brian",435263
"Chisenhall, Lonnie",502082
"Sogard, Eric",519299
"Stripling, Ross",548389
"Almonte, Abraham",501659
"Correa, Carlos",621043
"Smith, Dominic",642086
"Kaczmarski, Kevin",664842
"Sánchez, Gary",596142
"Goins, Ryan",572365
"Beck, Chris",571476
"Suárez, Andrew",605498
"Romine, Andrew",461865
"Richards, Trevor",670950
"DeSclafani, Anthony",543101
"Gentry, Craig",502226
"Cashner, Andrew",488768
"Williamson, Mac",607776
"Frazier, Adam",624428
"Wynns, Austin",642851
"Szczur, Matt",519333
"Suter, Brent",608718
"Bourjos, Peter",488721
"Montas, Frankie",593423
"Romano, Sal",607219
"Greiner, Grayson",606988
"deGrom, Jacob",594798
"Voit, Luke",572228
"Thompson, Trayce",572204
"Refsnyder, Rob",608701
"Bruce, Jay",457803
"Farmer, Kyle",571657
"Trevino, Jose",624431
"Marrero, Deven",571918
"Lyles, Jordan",543475
"Crawford, J.P.",641487
"Wendle, Joey",621563
"Leiter Jr., Mark",643410
"McCarthy, Brandon",435221
"Wacha, Michael",608379
"Smolinski, Jake",519295
"Gimenez, Chris",460269
"Shuck, JB",543776
"Torreyes, Ronald",591720
"Koch, Matt",571863
"Austin, Tyler",592122
"Arroyo, Christian",624414
"Smith, Caleb",592761
"Sanó, Miguel",593934
"Fontana, Nolan",545337
"Cozart, Zack",446359
"Pérez, Carlos",542208
"Colon, Bartolo",112526
"Sewald, Paul",623149
"Santana, Domingo",570267
"Fernández, José Miguel",628336
"Sisco, Chance",642082
"Torres, Ramón",593527
"Tauchman, Mike",643565
"Sanchez, Adrián",506703
"Germán, Domingo",593334
"Rondón, José",602922
"Kuhl, Chad",641771
"Cabrera, Miguel",408234
"Machado, Dixon",553988
"Yates, Kirby",489446
"Roark, Tanner",543699
"Soler, Jorge",624585
"Negrón, Kristopher",502117
"Eflin, Zach",621107
"Hermosillo, Michael",641684
"Guillorme, Luis",641645
"Lester, Jon",452657
"González, Adrián",408236
"Bettis, Chad",518452
"González, Alfredo",554054
"Greinke, Zack",425844
"Harvey, Matt",518774
"Valera, Breyvic",591971
"Alexander, Scott",518397
"Joyce, Matt",459964
"Susac, Andrew",572180
"Lucchesi, Joey",664192
"Turnbull, Spencer",605513
"Lugo, Dawel",608475
"Donaldson, Josh",518626
"Garcia, Aramis",605244
"Robles, Victor",645302
"Johnson, Sherman",582473
"Robinson, Drew",592685
"Mills, Alec",621219
"McGuire, Reese",624512
"Hudson, Joe",621529
"Kozma, Pete",518902
"Tellez, Rowdy",642133
"Phillips, Brandon",408252
"Young Jr., Eric",458913
"Kramer, Kevin",596012
"Martini, Nick",605361
"Dahl, David",621311
"Kivlehan, Patrick",623182
"Wisdom, Patrick",621550
"Moore, Adam",446192
"Urena, Richard",620446
"Lowe, Brandon",664040
"Burnes, Corbin",669203
"Galloway, Isaac",543194
"Berti, Jon",542932
"Avelino, Abiatal",623214
"Dean, Austin",621573
"Alford, Anthony",546990
"Blanco, Grégor",453923
"Jansen, Danny",643376
"Norris, Daniel",596057
"Viloria, Meibrys",650619
"O'Brien, Peter",598284
"Mullins, Cedric",656775
"Reinheimer, Jack",595373
"Bostick, Christopher",607471
"Saltalamacchia, Jarrod",457454
"Laureano, Ramón",657656
"Adams, Lane",572669
"Herrera, Dilson",599096
"Canó, Robinson",429664
"Reyes, Pablo",622569
"Stewart, Christin",621514
"Petit, Gregorio",463610
"Lavarnway, Ryan",543432
"Fillmyer, Heath",641571
"Ward, Taylor",621493
"McKinney, Billy",641856
"Newman, Kevin",621028
"Brito, Sócrates",593647
"Vargas, Ildemaro",545121
"Vogelbach, Daniel",596129
"González, Gio",461829
"Stratton, Chris",608717
"Davis, Jonathan",641505
"Mitchell, Bryan",571951
"Walding, Mitch",605520
"Cordell, Ryan",641477
"Anderson, Tanner",664196
"Gallagher, Cam",595956
"Senzatela, Antonio",622608
"Hampson, Garrett",641658
"Castillo, Welington",456078
"Holliday, Matt",407812
"Barnes, Brandon",488681
"Trahan, Blake",664167
"Haase, Eric",606992
"Brigham, Jeff",656257
"Hamels, Cole",430935
"Shaw, Chris",622046
"Adduci, James",451192
"Gore, Terrance",605253
"Nola, Aaron",605400
"Alberto, Hanser",593643
"Montgomery, Mike",543557
"Hendricks, Kyle",543294
"Ryu, Hyun Jin",547943
"Rosales, Adam",489267
"Nix, Jacob",656798
"García, Adolis",666969
"Archer, Chris",502042
"Stewart, DJ",621466
"Nido, Tomás",621512
"Alcantara, Sandy",645261
"Wallach, Chad",595453
"Beckham, Gordon",493596
"Foltynewicz, Mike",592314
"Guerrero, Gabriel",602115
"Castillo, Luis",622491
"Urías, Luis",649966
"Gausman, Kevin",592332
"Anderson, Chase",502624
"Arcia, Francisco",516472
"Miley, Wade",489119
"Vargas, Jason",450306
"Ciuffo, Nick",624419
"Davies, Zach",605200
"Florimón, Pedro",465753
"Elías, Roenis",606273
"Castillo, Diego",650895
"Ortega, Rafael",542364
"Tucker, Preston",605512
"Rivera, René",425784
"Perez, Michael",605421
"Syndergaard, Noah",592789
"Rusin, Chris",543734
"Kennedy, Brett",664028
"Robinson, Shane",453203
"Newcomb, Sean",656794
"Erlin, Robbie",572362
"Ponce de Leon, Daniel",594965
"Peña, Félix",570240
"Gomber, Austin",596295
"Rodriguez, Jefry",622446
"Hellickson, Jeremy",476451
"Heaney, Andrew",571760
"Gerber, Mike",595222
"Fisher, Derek",605233
"Holmes, Clay",605280
"Butler, Dan",576788
"Garneau, Dustin",572863
"Sweeney, Darnell",572182
"Ramirez, Hanley",434670
"Cordero, Franchy",614173
"Headley, Chase",452104
"Cuthbert, Cheslor",596144
"Zimmer, Bradley",605548
"Castro, Jason",488771
"Cespedes, Yoenis",493316
"Velasquez, Vince",592826
"Sierra, Moisés",501213
"Alvarez, Pedro",476883
"Santander, Anthony",623993
"Seager, Corey",608369
"Cimber, Adam",643256
"Kendrick, Howie",435062
"Snelten, D.J.",592769
"Lobaton, Jose",446653
"Strasburg, Stephen",544931
"Centeno, Juan",518542
"Richard, Clayton",453385
"Stevenson, Andrew",664057
"Lagares, Juan",501571
"Telis, Tomás",542513
"Fulmer, Michael",605242
"Hutchison, Drew",571800
"Bandy, Jett",542908
"Maxwell, Bruce",622194
"Boyd, Matthew",571510
"Finnegan, Brandon",605232
"Blach, Ty",621389
"Gonzalez, Merandy",642571
"Peters, Dillon",596071
"Pennington, Cliff",460060
"García, Jarlín",606424
"Pivetta, Nick",601713
"Sardinas, Luis",596143
"McFarland, T.J.",519008
"Floro, Dylan",571670
"Gsellman, Robert",607229
"Wisler, Matt",605538
"Ngoepe, Gift",547912
"Webb, Tyler",643778
"Reynolds, Matt",608703
"Wainwright, Adam",425794
"Marjama, Mike",605357
"Suzuki, Ichiro",400085
"Lively, Ben",594902
"Nottingham, Jacob",641924
"Brice, Austin",592169
"Navarro, Efren",519068
"Gosselin, Phil",594838
"Buxton, Byron",621439
"Mayers, Mike",594577
"Mengden, Daniel",596043
"Lee, Braxton",657658
"Iglesias, Raisel",628452
"Schimpf, Ryan",572114
"Walker, Taijuan",592836
"d'Arnaud, Travis",518595
"Darvish, Yu",506433
"Chargois, JT",608638
"Rasmus, Colby",458675
"Powell, Boog",621471
"Odorizzi, Jake",543606
"Montero, Miguel",471083
"Cole, A.J.",595918
"Stewart, Chris",455755
"Gonzales, Marco",594835
"Johnson, Brian",598271
"Despaigne, Odrisamer",628333
"Winkler, Dan",595465
"Peterson, Tim",623402
"Kelly, Carson",608348
"Peterson, Dustin",640460
"Skole, Matt",605474
"Pedroia, Dustin",456030
"Urshela, Gio",570482
"Lugo, Seth",607625
"Happ, J.A.",457918
"Castro, Daniel",593495
"Gómez, Miguel",622497
"Duensing, Brian",488846
"García, Jaime",448802
"Chen, Wei-Yin",612672
"Jennings, Dan",543359
"Blevins, Jerry",460283
"Gaviglio, Sam",543208
"Cruz, Tony",488810
"Junis, Jakob",596001
"Bauer, Trevor",545333
"Hancock, Justin",606995
"Kennedy, Ian",453178
"Baron, Steven",571467
"Cloyd, Tyler",543031
"Woodruff, Brandon",605540
"Santiago, Héctor",502327
"López, Reynaldo",625643
"Stephens, Jackson",623451
"Zagunis, Mark",657145
"Peralta, Freddy",642547
"Giolito, Lucas",608337
"Locastro, Tim",641796
"Carrasco, Carlos",471911
"Pompey, Dalton",592647
"Franklin, Nick",545338
"Conlon, P.J.",664869
"Vielma, Engelb",622713
"Rodríguez, Richard",593144
"Morton, Charlie",450203
"Bautista, Rafael",622441
"Shields, James",448306
"Mejía, Adalberto",606167
"López, Pablo",641154
"Fried, Max",608331
"Severino, Luis",622663
"Hernandez, Elieser",622694
"Meyer, Ben",656738
"Clevinger, Mike",605182
"Bundy, Dylan",605164
"Wright Jr., Mike",605541
"Brault, Steven",643230
"Kelley, Shawn",518875
"Hess, David",605276
"Joseph, Corban",543377
"Strahm, Matt",621381
"Ferguson, Caleb",657571
"Shipley, Braden",640463
"Báez, Pedro",520980
"Hudson, Daniel",543339
"Domínguez, Seranthony",622554
"Jackson, Luke",592426
"Lockett, Walker",621141
"De La Rosa, Jorge",407822
"Rhame, Jacob",642008
"Allard, Kolby",663465
"Reed, Michael",605439
"Suárez, Ranger",624133
"Davis, Austin",656354
"den Dekker, Matthew",544925
"Norwood, James",656803
"Suero, Wander",593833
"Feliz, Michael",593140
"Bergman, Christian",548357
"Petricka, Jake",502593
"Kittredge, Andrew",552640
"Wilkerson, Aaron",658792
"Carle, Shane",641438
"Covey, Dylan",592229
"Nuño, Vidal",573064
"Beeks, Jalen",656222
"Ruiz, Rio",547004
"LeBlanc, Wade",453281
"Ramírez, Erasmo",541640
"Stephenson, Robert",596112
"Tanaka, Masahiro",547888
"Reed, Cody",642003
"Bieber, Shane",669456
"Barría, Jaime",642545
"Kluber, Corey",446372
"Shreve, Chasen",592741
"Milone, Tommy",543548
"Toussaint, Touki",657053
"Kelly, Casey",543391
"Vincej, Zach",572227
"Graterol, Juan",492802
"Taylor, Beau",607333
"Straw, Myles",664702
"Castro, Harold",605612
"Guerra, Javy",642770
"Kang, Jung Ho",628356
"Wright, David",431151
"Eickhoff, Jerad",595191
"Zimmermann, Jordan",519455
"Freeman, Mike",502273
"Urías, Julio",628711
"Gale, Rocky",502570
"Sosa, Edmundo",624641
"Voth, Austin",608723
"Velazquez, Andrew",623205
"Skoglund, Eric",607215
"Keller, Brad",641745
"Reid-Foley, Sean",656887
"Musgrave, Harrison",643466
"Rosario, Randy",600968
"Plutko, Adam",592644
"Shackelford, Kevin",594992
"Freeman, Sam",518693
"Soroka, Mike",647336
"Beede, Tyler",595881
"Butler, Eddie",572750
"Bichette, Bo",666182
"Dubón, Mauricio",643289
"Moore, Dylan",664238
"Grisham, Trent",663757
"Jiménez, Eloy",650391
"Guerrero Jr., Vladimir",665489
"Biggio, Cavan",624415
"Lopes, Tim",621005
"Demeritte, Travis",641513
"Rojas, Josh",668942
"Haseley, Adam",656514
"Webb, Logan",657277
"Smith, Will",669257
"Rengifo, Luis",650859
"Reynolds, Bryan",668804
"Keuchel, Dallas",572971
"Markel, Parker",571917
"Neuse, Sheldon",641914
"Castro, Willi",650489
"Alonso, Pete",624413
"Nola, Austin",543592
"Naylor, Josh",647304
"Solano, Donovan",456781
"Alvarez, Yordan",670541
"Hiura, Keston",669374
"Heineman, Scott",595981
"Arteaga, Humberto",600858
"Fraley, Jake",641584
"Dini, Nick",664926
"Thaiss, Matt",642136
"Yastrzemski, Mike",573262
"Arraez, Luis",650333
"Daza, Yonathan",602074
"Solak, Nick",669256
"Starling, Bubba",605490
"Mercado, Oscar",640458
"Chang, Yu",644374
"Díaz, Isan",656371
"Ramírez, Harold",623912
"Dugger, Robert",667498
"Toro, Abraham",647351
"Brown, Seth",664913
"Ford, Mike",645801
"Beaty, Matt",607461
"Martin, Richie",621006
"Aquino, Aristides",606157
"Senzel, Nick",669222
"Brooks, Aaron",605156
"Smyly, Drew",592767
"Hilliard, Sam",656541
"Edman, Tommy",669242
"Gray, Sonny",543243
"Dickerson, Alex",543105
"Thomas, Lane",657041
"Anderson, Shaun",641312
"Vogt, Stephen",519390
"France, Ty",664034
"Brosseau, Mike",670712
"Rodriguez, Eduardo",593958
"Hernández, Marco",593523
"Tovar, Wilfredo",541600
"VanMeter, Josh",642165
"Young, Alex",622065
"Mayfield, Jack",608686
"Bemboom, Anthony",621532
"Rogers, Jake",668670
"Garlick, Kyle",664247
"Tinoco, Jesus",622786
"Lopez, Nicky",670032
"Ríos, Edwin",621458
"Tejada, Rubén",514913
"Gibson, Kyle",502043
"Quantrill, Cal",615698
"Andriese, Matt",542882
"Tatis Jr., Fernando",665487
"Ross, Joe",605452
"McKay, Brendan",656713
"May, Dustin",669160
"Nuñez, Dom",624513
"Pruitt, Austin",643493
"Knizner, Andrew",668800
"Chavis, Michael",656308
"Court, Ryan",606956
"O'Grady, Brian",657434
"Yamamoto, Jordan",657141
"Stubbs, Garrett",596117
"Davis, Taylor",543089
"Underwood Jr., Duane",621249
"Anderson, Brett",474463
"Stammen, Craig",489334
"Clarke, Taylor",664199
"Puello, César",527049
"Riley, Austin",663586
"Tomás, Yasmany",630111
"Green, Zach",608339
"Perdomo, Luis",606131
"Sobotka, Chad",656977
"García, Robel",596825
"Duffy, Danny",518633
"Reed, AJ",607223
"Paddack, Chris",663978
"Menez, Conner",669214
"Lowe, Nathaniel",663993
"Mazza, Chris",607391
"Cron, Kevin",605196
"Lambert, Peter",663567
"Houser, Adrian",605288
"Bradley, Bobby",656252
"Lamet, Dinelson",659275
"Parker, Jarrett",592620
"Collins, Zack",641470
"Gallen, Zac",668678
"Morejon, Adrian",670970
"Doolittle, Sean",448281
"Leyba, Domingo",642736
"Wade Jr., LaMonte",664774
"Paxton, James",572020
"Castillo, Wilkin",446868
"Skaggs, Tyler",572140
"Irvin, Cole",608344
"Allen, Austin",664119
"Long Jr., Shed",643418
"Duplantier, Jon",641541
"Margevicius, Nick",676606
"Tucker, Cole",657061
"Walsh, Jared",665120
"Cabrera, Génesis",650893
"Davis, Johnny",643275
"Lux, Gavin",666158
"Walton, Donovan",622268
"Haggerty, Sam",664059
"Bolt, Skye",621450
"Miller, Ian",641878
"Mejia, Erick",625510
"Heineman, Tyler",623168
"Adames, Cristhian",542436
"Wong, Kean",642221
"Martin, Jason",641829
"Sabathia, CC",282332
"Ryan, Kyle",594986
"Grace, Matt",594840
"Sandoval, Patrick",663776
"McBroom, Ryan",643436
"Davis, Jaylin",664041
"Hays, Austin",669720
"Mejias-Brean, Seth",623180
"Mendick, Danny",664901
"González, Chi Chi",592346
"Lewis, Kyle",641786
"Murphy, Sean",669221
"Grullón, Deivy",620453
"Fuentes, Joshua",658069
"Ravelo, Rangel",592660
"Hoerner, Nico",663538
"Conley, Adam",543045
"Elmore, Jake",518653
"Arozarena, Randy",668227
"Bishop, Braden",623323
"Torrens, Luis",620443
"Sims, Lucas",608371
"Porcello, Rick",519144
"Read, Raudy",600466
"McRae, Alex",656725
"Stroman, Marcus",573186
"Kieboom, Carter",666198
"Estrada, Thairo",642731
"Gutiérrez, Kelvin",642721
"Noll, Jake",669738
"Hernández, Félix",433587
"Cahill, Trevor",502239
"Flexen, Chris",623167
"Gagnon, Drew",543193
"Helsley, Ryan",664854
"Stamets, Eric",608715
"Gallegos, Giovanny",606149
"Avila, Pedro",658648
"Minor, Mike",501985
"Santana, Dennis",642701
"Velázquez, Hector",584171
"Tulowitzki, Troy",453064
"Joe, Connor",656582
"Schwindel, Frank",643524
"Zavala, Seby",664874
"Jackson, Edwin",429719
"Hudson, Dakota",641712
"Rodgers, Brendan",663898
"Kelly, Merrill",518876
"Parsons, Wes",641149
"Thornton, Trent",663423
"Brach, Brad",542960
"Wilson, Bryse",669060
"Adams, Austin",613534
"Pomeranz, Drew",519141
"De Los Santos, Enyel",660853
"Kelly, Joe",523260
"Tomlin, Josh",458708
"Agrazal, Dario",642607
"Hoffman, Jeff",656546
"Oberg, Scott",623184
"Davis, Rookie",606959
"Sanchez, Aaron",592717
"DuRapau, Montana",657566
"Urquidy, José",664353
"Escobar, Luis",650813
"Hammer, JD",670456
"Allen, Logan",663531
"Jackson, Jay",543351
"Sadler, Casey",594987
"Garcia, Yimi",554340
"Maton, Phil",664208
"Alzolay, Adbert",640470
"Wojciechowski, Asher",592879
"Jackson, Alex",656577
"Civale, Aaron",650644
"Waguespack, Jacob",621097
"Melville, Tim",543532
"Noesí, Hector",456051
"Gustave, Jandel",594311
"Gonsolin, Tony",664062
"Detwiler, Ross",446321
"Fulmer, Carson",608334
"Pineda, Michael",501381
"Taylor, Tyrone",621438
"Marvel, James",621086
"Alaniz, R.J.",595798
"Plesac, Zach",668676
"Colón, Christian",518568
"Barrera, Tres",668663
"Keller, Mitch",656605
"Bolaños, Ronald",671790
"López, Jorge",605347
"Neris, Héctor",593576
"Means, John",607644
"Hart, Donnie",643354
"Wieck, Brad",623364
"Hader, Josh",623352
"Stewart, Brock",592779
"Nelson, Jimmy",519076
"Carpenter, Ryan",543001
"Font, Wilmer",521655
"Sherfy, Jimmie",642073
"Sampson, Adrian",592716
"Petit, Yusmeiro",433589
"Cessa, Luis",570666
"Swanson, Erik",657024
"Anderson, Drew",623454
"Allen, Cody",592102
"Almonte, Yency",622075
"Jackson, Drew",623515
"White, Evan",657108
"Madrigal, Nick",663611
"Robert, Luis",673357
"Paredes, Isaac",670623
"Huff, Sam",669087
"Dalbec, Bobby",666915
"White, Eli",642201
"Odom, Joseph",641929
"Bart, Joey",663698
"Mathisen, Wyatt",621500
"Soto, Elliot",519303
"Cameron, Daz",663662
"Mountcastle, Ryan",663624
"Mateo, Jorge",622761
"Adell, Jo",666176
"Harrison, Monte",656509
"Urías, Ramón",602104
"Hill, Derek",656537
"Kirk, Alejandro",672386
"Bohm, Alec",664761
"Jones, Jahmai",663330
"Hayes, Ke'Bryan",663647
"Oliva, Jared",666931
"Ruf, Darin",573131
"Apostel, Sherten",665947
"Olivares, Edward",658668
"Barrero, Jose",676480
"Espinal, Santiago",669289
"Jeffers, Ryan",680777
"Tromp, Chadwick",644433
"Oña, Jorge",671250
"Stephenson, Tyler",663886
"Rooker, Brent",667670
"Campusano, Luis",669134
"Young, Andrew",670370
"Sánchez, Ali",645305
"Tsutsugo, Yoshi",660294
"Taveras, Leody",665750
"Tejeda, Anderson",660731
"Marmolejos, José",592530
"Chisholm Jr., Jazz",665862
"García, Luis",671277
"Araúz, Jonathan",660620
"Hernandez, Yadiel",628450
"Varsho, Daulton",662139
"Carlson, Dylan",666185
"Alcántara, Sergio",642727
"Smith, Pavin",656976
"Cronenworth, Jake",630105
"Akiyama, Shogo",673451
"Heath, Nick",670084
"Heim, Jonah",641680
"Moniak, Mickey",666160
"Basabe, Luis Alexander",642772
"Giménez, Andrés",665926
"Marchan, Rafael",665561
"McKinstry, Zach",656716
"Machín, Vimael",605353
"Díaz, Lewin",650331
"Payton, Mark",592622
"Florial, Estevan",664314
"Schrock, Max",621011
"Sánchez, Jesús",660821
"Ruiz, Keibert",660688
"Alvarez, Eddy",657193
"Johnson, Daniel",669288
"McCarthy, Joe",663411
"Bonifácio, Emilio",466988
"Mathias, Mark",664029
"Craig, Will",643269
"Pache, Cristian",665506
"Nogowski, John",596056
"Contreras, William",661388
"Jones, Taylor",622100
"Navarreto, Brian",640459
"Mercedes, Yermín",606213
"Hernández, Óscar",591712
"Rojas, Jose",670351
"Walls, Taylor",670764
"Kelenic, Jarred",672284
"Baddoo, Akil",668731
"Stewart, Kohl",640464
"Godoy, José",608422
"McCormick, Chas",676801
"Kirilloff, Alex",666135
"Tom, Ka'ai",664789
"India, Jonathan",663697
"Larnach, Trevor",663616
"Nevin, Tyler",663527
"Marcano, Tucupita",672779
"Kim, Ha-Seong",673490
"Miller, Owen",680911
"Short, Zack",670097
"Vaughn, Andrew",683734
"Rortvedt, Ben",666163
"McKenna, Ryan",663630
"Anderson, Ian",666120
"Brubaker, JT",664141
"Frankoff, Seth",571676
"Campbell, Eric",493472
"Lee, Khalil",666137
"Vosler, Jason",613564
"Rivas, Webster",593590
"Woodford, Jake",663765
"Howard, Spencer",675921
"Mazeika, Patrick",664850
"Peters, DJ",656847
"Maton, Nick",665155
"Devers, José",672701
"Higgins, P.J.",664731
"Martin, Corbin",656686
"Ponce, Cody",664074
"Rogers, Trevor",669432
"Dunn, Justin",643290
"Fargas, Johneshwy",641561
"Barrera, Luis",642456
"Álvarez, José",501625
"Hager, Jake",606993
"Davidson, Tucker",656353
"Raley, Luke",670042
"Ynoa, Huascar",660623
"Ibáñez, Andy",628451
"Castillo, Ivan",622668
"Webb, Jacob",657097
"Trejo, Alan",676701
"Stokes Jr., Troy",657011
"Poteet, Cody",547001
"Kim, Kwang Hyun",547942
"Diaz, Miguel",622766
"Holloway, Jordan",656548
"Rivero, Sebastian",665861
"Thompson, Keegan",624522
"Crowe, Wil",640444
"Trammell, Taylor",666211
"Gordon, Nick",624503
"Owen, Hunter",670462
"Oviedo, Johan",670912
"De León, José",592254
"Peterson, David",656849
"Cleavinger, Garrett",664076
"Gutierrez, Vladimir",661269
"Clement, Ernie",676391
"Sheets, Gavin",657757
"Gushue, Taylor",656494
"Franco, Wander",677551
"Adams, Riley",656180
"Williams, Luke",663897
"Watson, Tony",453265
"Celestino, Gilberto",665482
"Marté, Luis",606336
"Megill, Tylor",656731
"Rivera, Emmanuel",656896
"De Jong, Chase",608328
"Lopez, Alejo",664670
"Nootbaar, Lars",663457
"Espino, Paolo",502179
"Santillan, Tony",663574
"Muller, Kyle",666205
"Blankenhorn, Travis",663905
"González, Luis",670768
"Morgan, Eli",669212
"Milner, Hoby",571948
"Burns, Andy",542992
"Thompson, Zach",605507
"Hoying, Jared",592419
"Camarena, Daniel",547176
"Peacock, Matt",676840
"Curtiss, John",595928
"Garrett, Braxton",666129
"King, John",667463
"Gittens, Chris",656467
"Sborz, Josh",622250
"Thomas, Dillon",605504
"White, Mitch",669952
"Weathers, Ryan",677960
"Nance, Tommy",667297
"Castro, Rodolfo",666801
"Ober, Bailey",641927
"De La Cruz, Bryan",650559
"Raleigh, Cal",663728
"Ellis, Drew",656403
"Terry, Curtis",663799
"Marsh, Brandon",669016
"Miller, Brian",675649
"Duran, Jarren",680776
"Wong, Connor",657136
"Kranick, Max",668820
"Díaz, Yennsy",660546
"Kaprielian, James",621076
"Moore, Matt",519043
"Brantly, Rob",542963
"Brebbia, John",605154
"Price, David",456034
"Neidert, Nick",663734
"Burger, Jake",669394
"Bruján, Vidal",660644
"Reks, Zach",676646
"Banda, Anthony",607455
"Fairchild, Stuart",656413
"Morimando, Shawn",596049
"Long, Sam",669674
"Rivas, Alfonso",663845
"Park, Hoy",660829
"Hernandez, Yonny",660634
"Dorow, Ryan",676900
"Meyers, Jake",676694
"Pozo, Yohel",650968
"Smith, Kevin",675656
"Luzardo, Jesús",666200
"McCarthy, Jake",664983
"Mejía, Humberto",650668
"Palacios, Josh",641943
"Gilbert, Tyler",656457
"Cabrera, Edward",665795
"Mize, Casey",663554
"Montgomery, Jordan",656756
"Hernández, Carlos",672578
"Nolin, Sean",543594
"Wilson, Jacob",607111
"Brentz, Jake",641394
"Gray, Josiah",680686
"Manoah, Alek",666201
"Uceta, Edwin",670955
"Mears, Nick",683232
"Robson, Jacob",615699
"Deichmann, Greg",656364
"Bruihl, Justin",677865
"Vesia, Alex",681911
"Detmers, Reid",672282
"Cease, Dylan",656302
"Widener, Taylor",642203
"McCullers Jr., Lance",621121
"Castillo, Erick",602080
"Giambrone, Trent",623508
"Fortes, Nick",663743
"Adon, Joan",672851
"Welker, Colton",666213
"Vierling, Matt",663837
"Houck, Tanner",656557
"Rea, Colin",607067
"Abbott, Cory",676265
"Henry, Payton",668721
"Goudeau, Ashton",623485
"Siri, Jose",642350
"Littell, Zack",641793
"Gonzalez, Romy",663853
"Rosso, Ramón",665759
"Schmidt, Clarke",657376
"Crismatt, Nabil",622503
"Feltner, Ryan",663372
"Murphy, Patrick",641907
"Arihara, Kohei",685503
"López, Jack",605346
"Valdez, Framber",664285
"Ashby, Aaron",676879
"Alexander, Tyler",641302
"Knehr, Reiss",663753
"Ramos, Henry",592656
"Sanmartin, Reiver",665665
"Friedl, TJ",670770
"Cruz, Oneil",665833
"Perdomo, Geraldo",672695
"Steele, Justin",657006
"Isbel, Kyle",664728
"Akin, Keegan",669211
"Campbell, Paul",669294
"Rogers, Josh",642028
"Lowe, Josh",666139
"Padlo, Kevin",656821
"Bleier, Richard",542947
"Kazmar Jr., Sean",453527
"Feliciano, Mario",666128
"Smith, Riley",642092
"Richards, Garrett",572070
"Zimmermann, Bruce",669145
"De Goti, Alex",621008
"Bassitt, Chris",605135
"Antone, Tejay",622088
"Jax, Griffin",643377
"McCaughan, Darren",670766
"Amburgey, Trey",664011
"Stock, Robert",476594
"McGowin, Kyle",641851
"Okert, Steven",595345
"Faria, Jake",607188
"Chavez, Jesse",445926
"Falter, Bailey",663559
"Fernández, Junior",658551
"Payne, Tyler",665066
"Ladendorf, Tyler",502285
"Kazmir, Scott",431148
"Vilade, Ryan",668723
"Effross, Scott",664123
"Beer, Seth",666179
"Peralta, Wily",503449
"Naughton, Packy",676050
"Jackson, Andre",656578
"Skubal, Tarik",669373
"Pagán, Emilio",641941
"Rasmussen, Drew",656876
"Jewell, Jake",657228
"Bubic, Kris",663460
"Zuber, Tyler",676604
"Ray, Corey",641999
"Castano, Daniel",641447
"Hurst, Scott",656568
"McKenzie, Triston",663474
"Dawson, Ronnie",669008
"Diekman, Jake",518617
"Wilson, Cody",680963
"Pérez, Cionel",672335
"Glasnow, Tyler",607192
"Call, Alex",669743
"Kennedy, Buddy",671083
"Suzuki, Seiya",673548
"Garcia, Maikel",672580
"Miranda, Jose",669304
"Melendez, MJ",669004
"Velázquez, Nelson",676369
"Kwan, Steven",680757
"Duran, Ezequiel",677649
"Pasquantino, Vinnie",686469
"Pinto, René",650907
"Rutschman, Adley",668939
"Witt Jr., Bobby",677951
"Stott, Bryson",681082
"Hamilton, Caleb",643348
"Hernandez, Elier",609274
"Greene, Riley",682985
"Abrams, CJ",682928
"Serven, Brian",661531
"Pratto, Nick",668472
"Rodríguez, Julio",677594
"Mitchell, Cal",668751
"Castillo, Diego",660636
"Herrera, Jose",645444
"Madris, Bligh",676632
"Peña, Jeremy",665161
"Harris II, Michael",671739
"Papierski, Michael",657709
"Morel, Christopher",666624
"Villar, David",681584
"Jones, Nolan",666134
"Batten, Matthew",676946
"Ruiz, Esteury",665923
"Thomas, Alek",677950
"Donovan, Brendan",680977
"Stefanic, Michael",683021
"Bleday, JJ",668709
"Lee, Korey",686676
"Allen, Nick",669397
"Garcia, Dermis",660650
"Bethancourt, Christian",542194
"Hall, Darick",669742
"Kolozsvary, Mark",656627
"Delay, Jason",641511
"Clemens, Kody",665019
"MacKinnon, David",676950
"Downs, Jeter",669023
"Eaton, Nate",681987
"Hicklen, Brewer",676551
"Yepez, Juan",660766
"Suwinski, Jack",669261
"Gorman, Nolan",669357
"Azocar, José",640492
"Smith, Josh H.",669701
"Matijevic, J.J.",656695
"Montero, Elehuris",660707
"Hummel, Cooper",669450
"Moreno, Gabriel",672515
"Capel, Conner",668843
"Torkelson, Spencer",679529
"Arias, Gabriel",672356
"Palacios, Richie",680700
"Herrera, Iván",671056
"Crook, Narciso",643271
"Gonzalez, Oscar",660757
"Okey, Chris",608360
"Sosa, Lenyn",672820
"Bride, Jonah",681146
"Bouchard, Sean",656248
"Peguero, Liover",678894
"Plummer, Nick",663911
"Stowers, Kyle",669065
"Ramos, Heliot",671218
"Swaggerty, Travis",680552
"Walker, Steele",667727
"Palacios, Jermaine",650339
"Soto, Livan",670869
"Kreidler, Ryan",668952
"Davis, Brendon",663478
"Guthrie, Dalton",656495
"Toglia, Michael",669911
"Tovar, Ezequiel",678662
"Grissom, Vaughn",687093
"Burleson, Alec",676475
"Wallner, Matt",670242
"Peraza, Oswald",672724
"Lopez, Otto",672640
"Diaz, Jordan",672478
"Vavra, Terrin",679631
"Garrett, Stone",656448
"Cabrera, Oswaldo",665828
"Waters, Drew",671221
"Leblanc, Charles",641779
"Massey, Michael",686681
"Langeliers, Shea",669127
"O'Hoppe, Logan",681351
"DeLuzio, Ben",641512
"Pérez, Carlos",656024
"Thompson, Bubba",669352
"Jung, Josh",673962
"Henderson, Gunnar",683002
"Carroll, Corbin",682998
"Groshans, Jordan",677954
"O'Keefe, Brian",657247
"Álvarez, Francisco",682626
"Vientos, Mark",668901
"Vargas, Miguel",678246
"Burdick, Peyton",680814
"Contreras, Mark",676628
"Naylor, Bo",666310
"Casas, Triston",671213
"Meneses, Joey",608841
"Freeman, Tyler",671289
"Steer, Spencer",668715
"Quiroz, Esteban",606019
"Aranda, Jonathan",666018
"Brennan, Will",686823
"Mitchell, Garrett",669003
"Hensley, David",682073
"Encarnacion, Jerar",666464
"Robinson, Chuckie",642020
"Carpenter, Kerry",681481
"Thomas, Cody",642137
"Johnson, Bryce",669369
"Sands, Donny",664848
"Aguilar, Ryan",666922
"Bernard, Wynton",592144
"Baty, Brett",683146
"Stevenson, Cal",670276
"Benson, Will",666181
"Outman, James",681546
"Krizan, Jason",607249
"Katoh, Gosuke",641741
"Fox, Lucius",665650
"Lopes, Christian",547173
"McDonald, Mickey",676782
"Lavastida, Bryan",681526
"Muzziotti, Símon",665922
"Perez, Joe",669309
"Blanco, Dairon",680118
"Dunand, Joe",656388
"Lewis, Royce",668904
"Bannon, Rylan",676625
"Whitefield, Aaron",664334
"Wilson, Marcus",657129
"Robertson, David",502085
"Smith-Njigba, Canaan",675986
"Fermin, Freddy",666023
"Rosario, Eguy",666703
"Diaz, Yainer",673237
"Pineda, Israel",672832
"Siani, Michael",672279
"Proctor, Ford",665154
"Bae, Ji Hwan",678225
"Mondou, Nate",670148
"Mastrobuoni, Miles",670156
"Young, Jared",676724
"Liberato, Luis",642451
"Lester, Josh",623507
"Phillips, Evan",623465
"Capra, Vinny",681962
"Méndez, Yohander",622795
"Estrada, Marco",462136
"Miller, Andrew",453192
"Hammel, Jason",434628
"Scribner, Troy",644428
"Romero, Fernando",622864
"Verlander, Justin",434378
"Gómez, Roberto",596816
"Snyder, Brandon",474319
"McGrath, Kyle",657681
"Moronta, Reyes",606625
"Salas, Fernando",477569
"Graves, Brett",605255
"Bowman, Matt",621199
"Biddle, Jesse",592145
"Bashlor, Tyler",641341
"Yarbrough, Ryan",642232
"Ramírez, Neil",519166
"Loáisiga, Jonathan",642528
"Betances, Dellin",476454
"Rucinski, Drew",607968
"Hill, Tim",657612
"Chirinos, Yonny",630023
"Peacock, Brad",502748
"Mella, Keury",622492
"Duke, Zach",435043
"Castillo, José",620454
"Cishek, Steve",518553
"Cordero, Jimmy",622772
"Bradley, Archie",605151
"Luciano, Elvis",672773
"Soto, Gregory",642397
"Smith, Burch",572143
"Reyes, Gerardo",622103
"Vincent, Nick",543883
"Nicasio, Juan",504379
"Barnes, Matt",598264
"Walden, Marcus",519393
"Wright, Kyle",657140
"Sparkman, Glenn",642098
"Green, Chad",643338
"Ramirez, Nick",598286
"Jurado, Ariel",642558
"Parker, Blake",453284
"Howard, Sam",607572
"Kikuchi, Yusei",579328
"Sheffield, Justus",656954
"Garcia, Rico",670329
"Kinley, Tyler",641755
"Guerra, Javy",457915
"Payano, Pedro",622797
"Suarez, José",660761
"Jansen, Kenley",445276
"Strickland, Hunter",519326
"Brothers, Rex",571521
"Clay, Sam",621348
"Hentges, Sam",656529
"Pop, Zach",647315
"Baragar, Caleb",670056
"Selman, Sam",572125
"Whitlock, Garrett",676477
"Yajure, Miguel",664337
"Ruiz, José",614179
"Bettinger, Alec",676424
"Rodríguez, Manuel",655889
"Topa, Justin",623437
"Rucker, Michael",621074
"Rodón, Carlos",607074
"Barnes, Charlie",656212
"Bednar, David",670280
"Kopech, Michael",656629
"Fleming, Josh",676596
"Bickford, Phil",641360
"Reetz, Jakson",656883
"Waddell, Brandon",663399
"Reyes, Alex",621052
"Crouse, Hans",668968
"Minter, A.J.",621345
"Knebel, Corey",608349
"Castellanos, Humberto",528748
"Overton, Connor",656818
"Ryan, Joe",657746
"Medina, Adonis",658431
"Harper, Ryne",607560
"Manning, Matt",666159
"Garcia, Luis",677651
"Hembree, Heath",592390
"Robertson, Kramer",670298
"Diaz, Yusniel",666783
"Larsen, Jack",677223
"Alvarado, José",621237
"McGuire, Deck",592547
"Magill, Matt",543483
"Cobb, Alex",502171
"Blackburn, Paul",621112
"Medlen, Kris",450665
"Flynn, Brian",543169
"Gallardo, Yovani",451596
"Thompson, Jake",622097
"Saupold, Warwick",599683
"Garrett, Amir",607237
"Robles, Hansel",570663
"Strop, Pedro",467008
"Hernandez, David",456696
"Ríos, Yacksel",605441
"VerHagen, Drew",572403
"Ramírez, Yefry",606162
"Morrow, Brandon",453344
"Miller, Justin",502522
"Kintzler, Brandon",445213
"Sale, Chris",519242
"Peralta, Wandy",593974
"Hand, Brad",543272
"Romero, Enny",544836
"Quijada, José",650671
"Osich, Josh",592612
"Drake, Oliver",543118
"Carasiti, Matt",571539
"Canning, Griffin",656288
"Eshelman, Thomas",664045
"Rainey, Tanner",663432
"Jeffress, Jeremy",502026
"Kuhnel, Joel",669270
"Smith, Will",519293
"Gott, Trevor",641627
"Walker, Jeremy",668683
"Williams, Devin",642207
"Zeuch, T.J.",643615
"Lyons, Tyler",544928
"Coonrod, Sam",656322
"Castellani, Ryan",624418
"Nogosek, Stephen",668665
"Kimbrel, Craig",518886
"Sánchez, Miguel",667376
"Szapucki, Thomas",663378
"Mejía, J.C.",650496
"Elledge, Seth",676220
"Jones, Nate",518858
"Santana, Edgar",650828
"Smith, Drew",622098
"Bender, Anthony",669622
"Graterol, Brusdar",660813
"Bard, Daniel",453268
"Strider, Spencer",675911
"Lindblom, Josh",458676
"Corcino, Daniel",542289
"Melancon, Mark",453343
"Coulombe, Danny",543056
